miRNA;gene_name;EnsemblId;Positive_Negative
hsa-miR-31-3p;SLC26A3;ENSG00000091138;0
hsa-miR-200c-3p;Sep-07;ENSG00000122545;0
hsa-miR-19a-5p;CLIP1;ENSG00000130779;0
hsa-miR-140-3p;MAP2K3;ENSG00000034152;0
hsa-miR-941;RAB14;ENSG00000119396;0
hsa-miR-146a-5p;HDAC7;ENSG00000061273;0
hsa-miR-146a-3p;HDAC7;ENSG00000061273;0
hsa-miR-941;RGN;ENSG00000130988;0
hsa-miR-941;KIAA0368;ENSG00000136813;0
hsa-miR-1291;JUP;ENSG00000173801;0
hsa-miR-146a-5p;PELI1;ENSG00000197329;0
hsa-let-7c-5p;MPL;ENSG00000117400;0
hsa-miR-145-5p;BMP7;ENSG00000101144;0
hsa-miR-17-3p;BACH1;ENSG00000156273;0
hsa-miR-17-5p;BACH1;ENSG00000156273;0
hsa-miR-99a-5p;MMP10;ENSG00000166670;0
hsa-miR-1-3p;ATM;ENSG00000149311;0
hsa-miR-941;ADGRL1;ENSG00000072071;0
hsa-miR-941;CTDSPL2;ENSG00000137770;0
hsa-miR-138-5p;EED;ENSG00000074266;0
hsa-miR-99a-5p;NPC1L1;ENSG00000015520;0
hsa-miR-941;CABP4;ENSG00000175544;0
hsa-miR-29b-3p;ITIH5;ENSG00000123243;0
hsa-miR-138-5p;ALOX5AP;ENSG00000132965;0
hsa-miR-941;SLC30A9;ENSG00000014824;0
hsa-miR-941;DLD;ENSG00000091140;0
hsa-miR-941;ZNF740;ENSG00000139651;0
hsa-miR-145-5p;PTP4A1;ENSG00000112245;0
hsa-miR-99a-5p;CDKN1A;ENSG00000124762;0
hsa-miR-99a-5p;HSPA4L;ENSG00000164070;0
hsa-miR-145-5p;STAT3;ENSG00000168610;0
hsa-miR-10b-5p;NRP2;ENSG00000118257;0
hsa-miR-488-5p;GABRA6;ENSG00000145863;0
hsa-miR-99a-5p;TBC1D16;ENSG00000167291;0
hsa-miR-200b-3p;VAC14;ENSG00000103043;0
hsa-miR-21-5p;RPL19;ENSG00000108298;0
hsa-miR-146a-5p;CLIP1;ENSG00000130779;0
hsa-miR-488-3p;GABRA6;ENSG00000145863;0
hsa-miR-99a-5p;NID2;ENSG00000087303;0
hsa-miR-27a-5p;DVL2;ENSG00000004975;0
hsa-miR-200a-3p;RASSF2;ENSG00000101265;0
hsa-miR-941;C11orf63;ENSG00000109944;0
hsa-miR-125a-5p;MYC;ENSG00000136997;0
hsa-miR-941;RAD51;ENSG00000051180;0
hsa-miR-429;RASSF2;ENSG00000101265;0
hsa-miR-146a-5p;CLIC4;ENSG00000169504;0
hsa-miR-99a-5p;CISD1;ENSG00000122873;0
hsa-miR-1291;PRKCA;ENSG00000154229;0
hsa-miR-941;ERCC6L2;ENSG00000182150;0
hsa-miR-99a-5p;CYP2C18;ENSG00000108242;0
hsa-miR-182-5p;HPRT1;ENSG00000165704;0
hsa-miR-941;XKR8;ENSG00000158156;0
hsa-miR-99a-5p;B3GNT2;ENSG00000170340;0
hsa-miR-155-5p;PIK3R1;ENSG00000145675;0
hsa-miR-27a-3p;LEF1;ENSG00000138795;0
hsa-miR-941;UST;ENSG00000111962;0
hsa-miR-941;SDCCAG3;ENSG00000165689;0
hsa-miR-138-5p;HOXA1;ENSG00000105991;0
hsa-miR-339-3p;NTRK3;ENSG00000140538;0
hsa-miR-339-5p;NTRK3;ENSG00000140538;0
hsa-miR-941;PXMP4;ENSG00000101417;0
hsa-miR-29b-3p;PDGFRB;ENSG00000113721;0
hsa-miR-155-5p;SOX10;ENSG00000100146;0
hsa-miR-126-3p;RGS3;ENSG00000138835;0
hsa-miR-941;H1F0;ENSG00000189060;0
hsa-miR-941;KIF13B;ENSG00000197892;0
hsa-miR-941;IGSF3;ENSG00000143061;0
hsa-miR-1246;FAM3C;ENSG00000196937;0
hsa-miR-146a-5p;CDKN1A;ENSG00000124762;0
hsa-miR-29b-3p;RUNX2;ENSG00000124813;0
hsa-miR-182-5p;CREB1;ENSG00000118260;0
hsa-miR-30c-5p;CEBPE;ENSG00000092067;0
hsa-miR-941;IQCC;ENSG00000160051;0
hsa-miR-99a-5p;CTCFL;ENSG00000124092;0
hsa-miR-181d-5p;AKT1;ENSG00000142208;0
hsa-miR-29a-3p;ITIH5;ENSG00000123243;0
hsa-miR-941;ZNF276;ENSG00000158805;0
hsa-miR-941;SERF1B;ENSG00000205572;0
hsa-miR-941;AP1G1;ENSG00000166747;0
hsa-miR-941;KIAA0101;ENSG00000166803;0
hsa-miR-145-5p;COL3A1;ENSG00000168542;0
hsa-miR-941;AQP12A;ENSG00000184945;0
hsa-miR-99a-5p;RSG1;ENSG00000132881;0
hsa-miR-27b-3p;VEGFA;ENSG00000112715;0
hsa-miR-200a-3p;VAC14;ENSG00000103043;0
hsa-miR-138-5p;IFIT2;ENSG00000119922;0
hsa-miR-941;C7orf50;ENSG00000146540;0
hsa-miR-494-3p;AKT1;ENSG00000142208;0
hsa-miR-141-3p;CDK2;ENSG00000123374;0
hsa-miR-148a-3p;CRHR2;ENSG00000106113;0
hsa-miR-339-5p;MAOA;ENSG00000189221;0
hsa-miR-339-3p;MAOA;ENSG00000189221;0
hsa-miR-941;CCND2;ENSG00000118971;0
hsa-miR-1291;RALA;ENSG00000006451;0
hsa-miR-27a-5p;BMP2;ENSG00000125845;0
hsa-miR-21-5p;GAPDH;ENSG00000111640;0
hsa-miR-941;POLH;ENSG00000170734;0
hsa-miR-99a-5p;ZBTB16;ENSG00000109906;0
hsa-miR-200a-3p;ERBIN;ENSG00000112851;0
hsa-miR-200b-3p;Sep-07;ENSG00000122545;0
hsa-miR-145-5p;ZEB2;ENSG00000169554;0
hsa-miR-941;ZBTB44;ENSG00000196323;0
hsa-miR-941;TMEM203;ENSG00000187713;0
hsa-miR-138-5p;LASP1;ENSG00000002834;0
hsa-miR-941;MRI1;ENSG00000037757;0
hsa-miR-941;SAPCD2;ENSG00000186193;0
hsa-miR-488-5p;SLC6A2;ENSG00000103546;0
hsa-miR-488-3p;SLC6A2;ENSG00000103546;0
hsa-miR-941;USP49;ENSG00000164663;0
hsa-miR-382-5p;HIF1A;ENSG00000100644;0
hsa-miR-424-5p;HIF1A;ENSG00000100644;0
hsa-miR-141-3p;KLHL20;ENSG00000076321;0
hsa-let-7b-5p;BAX;ENSG00000087088;0
hsa-miR-941;LAMC2;ENSG00000058085;0
hsa-let-7e-5p;MPL;ENSG00000117400;0
hsa-miR-148a-3p;RGS2;ENSG00000116741;0
hsa-miR-429;RIN2;ENSG00000132669;0
hsa-miR-519b-3p;TAB3;ENSG00000157625;0
hsa-miR-99a-5p;ASNS;ENSG00000070669;0
hsa-miR-145-5p;TMEFF1;ENSG00000241697;0
hsa-miR-17-5p;MMP2;ENSG00000087245;0
hsa-miR-941;TPPP;ENSG00000171368;0
hsa-miR-145-5p;TGFB3;ENSG00000119699;0
hsa-miR-26a-5p;FN1;ENSG00000115414;0
hsa-miR-941;ZFHX4;ENSG00000091656;0
hsa-miR-10b-5p;NR4A3;ENSG00000119508;0
hsa-miR-7-5p;CASP3;ENSG00000164305;0
hsa-miR-200a-3p;TCF7L1;ENSG00000152284;0
hsa-miR-138-5p;PQLC3;ENSG00000162976;0
hsa-miR-29b-3p;ALPL;ENSG00000162551;0
hsa-miR-1291;GLI2;ENSG00000074047;0
hsa-miR-1291;ITGAV;ENSG00000138448;0
hsa-miR-146a-3p;RAD54L;ENSG00000085999;0
hsa-miR-146a-5p;RAD54L;ENSG00000085999;0
hsa-miR-193a-3p;BCL2;ENSG00000171791;0
hsa-miR-941;CLN8;ENSG00000182372;0
hsa-miR-199a-5p;CCL2;ENSG00000108691;0
hsa-miR-193a-3p;BAX;ENSG00000087088;0
hsa-miR-1291;E2F1;ENSG00000101412;0
hsa-miR-375;INSM1;ENSG00000173404;0
hsa-miR-23a-3p;IFNB1;ENSG00000171855;0
hsa-miR-10a-5p;TH;ENSG00000180176;0
hsa-miR-99a-5p;C11orf52;ENSG00000149300;0
hsa-miR-25-3p;CLIC4;ENSG00000169504;0
hsa-miR-21-5p;ARHGDIA;ENSG00000141522;0
hsa-miR-146a-5p;ZDHHC12;ENSG00000160446;0
hsa-miR-146a-3p;ZDHHC12;ENSG00000160446;0
hsa-miR-941;KDM8;ENSG00000155666;0
hsa-miR-766-3p;HNF4A;ENSG00000101076;0
hsa-miR-99a-5p;SCN3A;ENSG00000153253;0
hsa-miR-29b-3p;CDH1;ENSG00000039068;0
hsa-miR-22-3p;GABRA6;ENSG00000145863;0
hsa-miR-22-5p;GABRA6;ENSG00000145863;0
hsa-miR-16-5p;MYC;ENSG00000136997;0
hsa-miR-200c-3p;RASSF2;ENSG00000101265;0
hsa-miR-145-5p;PDGFRB;ENSG00000113721;0
hsa-miR-28-5p;ACTB;ENSG00000075624;0
hsa-miR-941;NBPF15;ENSG00000266338;0
hsa-miR-335-5p;HDAC3;ENSG00000171720;0
hsa-miR-34c-5p;PDGFRA;ENSG00000134853;0
hsa-miR-27a-5p;NLK;ENSG00000087095;0
hsa-miR-138-5p;COMMD10;ENSG00000145781;0
hsa-miR-941;STK40;ENSG00000196182;0
hsa-miR-520f-3p;TAB3;ENSG00000157625;0
hsa-miR-25-3p;LY75;ENSG00000054219;0
hsa-miR-941;PRKX;ENSG00000183943;0
hsa-miR-708-3p;E2F6;ENSG00000169016;0
hsa-miR-145-5p;CAV2;ENSG00000105971;0
hsa-miR-19a-5p;CLIC4;ENSG00000169504;0
hsa-miR-19a-3p;CLIC4;ENSG00000169504;0
hsa-miR-1291;PGF;ENSG00000119630;0
hsa-miR-21-5p;ALDOA;ENSG00000149925;0
hsa-miR-199a-5p;COL1A1;ENSG00000108821;0
hsa-miR-941;KIAA0232;ENSG00000170871;0
hsa-miR-200b-3p;TCF7L1;ENSG00000152284;0
hsa-miR-20a-3p;PELI1;ENSG00000197329;0
hsa-miR-27a-5p;DKK2;ENSG00000155011;0
hsa-miR-1-3p;SRF;ENSG00000112658;0
hsa-miR-124-3p;CHMP2B;ENSG00000083937;0
hsa-miR-519c-3p;TAB3;ENSG00000157625;0
hsa-miR-99a-5p;SERPINE1;ENSG00000106366;0
hsa-miR-20a-5p;PELI1;ENSG00000197329;0
hsa-miR-941;AP1S3;ENSG00000152056;0
hsa-miR-99a-5p;PCDHB16;ENSG00000272674;0
hsa-miR-19b-3p;CLIC4;ENSG00000169504;0
hsa-miR-99a-5p;DEGS1;ENSG00000143753;0
hsa-let-7d-5p;ZEB2;ENSG00000169554;0
hsa-miR-449b-5p;PDGFRB;ENSG00000113721;0
hsa-miR-17-5p;CAPRIN2;ENSG00000110888;0
hsa-miR-21-5p;RPS27A;ENSG00000143947;0
hsa-miR-22-3p;CCKBR;ENSG00000110148;0
hsa-miR-22-5p;CCKBR;ENSG00000110148;0
hsa-let-7d-5p;MPL;ENSG00000117400;0
hsa-miR-941;HOOK3;ENSG00000168172;0
hsa-miR-145-5p;CDH1;ENSG00000039068;0
hsa-miR-15a-5p;BBC3;ENSG00000105327;0
hsa-miR-17-5p;CDK2;ENSG00000123374;0
hsa-miR-27a-3p;GTF2H2;ENSG00000145736;0
hsa-miR-143-3p;PLAU;ENSG00000122861;0
hsa-miR-1291;TGFB3;ENSG00000119699;0
hsa-miR-941;CNN1;ENSG00000130176;0
hsa-miR-941;SFN;ENSG00000175793;0
hsa-miR-941;PHF21B;ENSG00000056487;0
hsa-miR-99a-5p;SLC30A1;ENSG00000170385;0
hsa-miR-542-3p;TAB3;ENSG00000157625;0
hsa-miR-17-5p;PELI1;ENSG00000197329;0
hsa-miR-21-5p;HSBP1;ENSG00000230989;0
hsa-miR-17-3p;PELI1;ENSG00000197329;0
hsa-miR-182-5p;TP53;ENSG00000141510;0
hsa-miR-941;ITFG2;ENSG00000111203;0
hsa-miR-590-5p;PCSK6;ENSG00000140479;0
hsa-miR-138-5p;PIK3C2B;ENSG00000133056;0
hsa-miR-148a-3p;BDNF;ENSG00000176697;0
hsa-miR-146a-3p;BTG2;ENSG00000159388;0
hsa-miR-99a-5p;GPR37L1;ENSG00000170075;0
hsa-miR-1291;MAPK9;ENSG00000050748;0
hsa-miR-135a-5p;BAX;ENSG00000087088;0
hsa-miR-99a-5p;STOM;ENSG00000148175;0
hsa-miR-145-5p;RAC1;ENSG00000136238;0
hsa-miR-941;IRAK3;ENSG00000090376;0
hsa-miR-941;GNG7;ENSG00000176533;0
hsa-miR-200c-3p;VAC14;ENSG00000103043;0
hsa-miR-151a-5p;ACTB;ENSG00000075624;0
hsa-miR-99a-5p;TYMS;ENSG00000176890;0
hsa-miR-941;MOB4;ENSG00000115540;0
hsa-miR-10a-5p;RHOBTB2;ENSG00000008853;0
hsa-miR-138-2-3p;POMC;ENSG00000115138;0
hsa-miR-339-5p;HTR2C;ENSG00000147246;0
hsa-miR-155-5p;SOX11;ENSG00000176887;0
hsa-miR-941;SIX2;ENSG00000170577;0
hsa-miR-200b-3p;RASSF2;ENSG00000101265;0
hsa-miR-216a-5p;SNAI1;ENSG00000124216;0
hsa-miR-941;TVP23C;ENSG00000175106;0
hsa-miR-23b-3p;MMP9;ENSG00000100985;0
hsa-miR-548d-5p;RUNX2;ENSG00000124813;0
hsa-miR-1291;ITGA3;ENSG00000005884;0
hsa-miR-339-3p;RGS2;ENSG00000116741;0
hsa-miR-339-5p;RGS2;ENSG00000116741;0
hsa-miR-941;WIPF2;ENSG00000171475;0
hsa-miR-1291;PPARD;ENSG00000112033;0
hsa-miR-10a-5p;NTRK2;ENSG00000148053;0
hsa-miR-200c-3p;KLF11;ENSG00000172059;0
hsa-miR-99a-5p;EVI2A;ENSG00000126860;0
hsa-miR-17-5p;BCL2;ENSG00000171791;0
hsa-miR-145-5p;COL5A2;ENSG00000204262;0
hsa-miR-18a-5p;CLIP1;ENSG00000130779;0
hsa-miR-18a-3p;CLIP1;ENSG00000130779;0
hsa-miR-200c-3p;TCF7L1;ENSG00000152284;0
hsa-miR-125a-5p;ZEB2;ENSG00000169554;0
hsa-miR-941;SDE2;ENSG00000143751;0
hsa-miR-27a-5p;MATN3;ENSG00000132031;0
hsa-miR-941;SLC40A1;ENSG00000138449;0
hsa-miR-221-3p;HOXC10;ENSG00000180818;0
hsa-miR-138-5p;AURKA;ENSG00000087586;0
hsa-miR-146a-5p;METTL7A;ENSG00000185432;0
hsa-miR-146a-3p;METTL7A;ENSG00000185432;0
hsa-miR-941;FTO;ENSG00000140718;0
hsa-miR-145-5p;SERPINA1;ENSG00000197249;0
hsa-miR-145-3p;SERPINA1;ENSG00000197249;0
hsa-miR-377-3p;CCNE1;ENSG00000105173;0
hsa-miR-9-5p;CXCR4;ENSG00000121966;0
hsa-miR-22-5p;ADORA2A;ENSG00000128271;0
hsa-miR-99a-5p;HSD11B1;ENSG00000117594;0
hsa-miR-141-3p;KLF5;ENSG00000102554;0
hsa-let-7b-5p;NME1;ENSG00000239672;0
hsa-miR-17-5p;ZFPM2;ENSG00000169946;0
hsa-miR-27a-5p;SPP1;ENSG00000118785;0
hsa-miR-99a-5p;EIF1AY;ENSG00000198692;0
hsa-miR-124-3p;SIRT1;ENSG00000096717;0
hsa-miR-138-5p;LMAN2L;ENSG00000114988;0
hsa-miR-145-5p;TIMP1;ENSG00000102265;0
hsa-miR-1291;RAF1;ENSG00000132155;0
hsa-miR-27a-5p;PPARD;ENSG00000112033;0
hsa-miR-302a-3p;TAC1;ENSG00000006128;0
hsa-miR-1291;SMAD3;ENSG00000166949;0
hsa-miR-1291;STAT5B;ENSG00000173757;0
hsa-miR-1291;RARA;ENSG00000131759;0
hsa-miR-1291;AXIN1;ENSG00000103126;0
hsa-miR-145-5p;TCF4;ENSG00000196628;0
hsa-miR-21-5p;CCR1;ENSG00000163823;0
hsa-miR-10a-5p;RHOB;ENSG00000143878;0
hsa-miR-99a-5p;CCL7;ENSG00000108688;0
hsa-miR-941;UPF1;ENSG00000005007;0
hsa-miR-1291;MAPK3;ENSG00000102882;0
hsa-miR-17-5p;COL4A1;ENSG00000187498;0
hsa-miR-155-5p;FBXO33;ENSG00000165355;0
hsa-miR-941;ZBTB7B;ENSG00000160685;0
hsa-miR-27b-3p;CXCL12;ENSG00000107562;0
hsa-miR-99a-5p;RFC1;ENSG00000035928;0
hsa-miR-941;ARFGAP1;ENSG00000101199;0
hsa-miR-339-5p;CRHR2;ENSG00000106113;0
hsa-miR-339-3p;CRHR2;ENSG00000106113;0
hsa-miR-145-5p;NUDT13;ENSG00000166321;0
hsa-miR-941;PTPRS;ENSG00000105426;0
hsa-miR-99a-5p;ROCK1;ENSG00000067900;0
hsa-miR-339-3p;CCKAR;ENSG00000163394;0
hsa-miR-339-5p;CCKAR;ENSG00000163394;0
hsa-miR-21-5p;HSP90AB1;ENSG00000096384;0
hsa-miR-941;NMNAT2;ENSG00000157064;0
hsa-miR-99a-5p;SQRDL;ENSG00000137767;0
hsa-miR-941;SLC4A7;ENSG00000033867;0
hsa-miR-941;DIP2A;ENSG00000160305;0
hsa-miR-941;GOLT1B;ENSG00000111711;0
hsa-miR-941;METTL7A;ENSG00000185432;0
hsa-miR-769-5p;CXCL2;ENSG00000081041;0
hsa-miR-200b-5p;HDAC3;ENSG00000171720;0
hsa-miR-941;PROSER3;ENSG00000167595;0
hsa-miR-205-5p;ITSN1;ENSG00000205726;0
hsa-miR-638;PLXDC2;ENSG00000120594;0
hsa-miR-200b-3p;HDAC3;ENSG00000171720;0
hsa-miR-106b-5p;LY75;ENSG00000054219;0
hsa-miR-941;TRPM6;ENSG00000119121;0
hsa-miR-141-3p;GAPDH;ENSG00000111640;0
hsa-miR-99a-5p;HABP2;ENSG00000148702;0
hsa-miR-941;PPARGC1A;ENSG00000109819;0
hsa-miR-200b-3p;KLF11;ENSG00000172059;0
hsa-miR-941;ASB13;ENSG00000196372;0
hsa-miR-941;AGFG2;ENSG00000106351;0
hsa-miR-941;PLEKHG2;ENSG00000090924;0
hsa-miR-106b-3p;LASP1;ENSG00000002834;0
hsa-miR-941;AGPAT4;ENSG00000026652;0
hsa-miR-23a-3p;MYC;ENSG00000136997;0
hsa-miR-99a-5p;MMP13;ENSG00000137745;0
hsa-miR-941;DDX55;ENSG00000111364;0
hsa-miR-24-3p;UBXN2B;ENSG00000215114;0
hsa-miR-138-2-3p;RGS2;ENSG00000116741;0
hsa-miR-138-5p;SFMBT1;ENSG00000163935;0
hsa-let-7f-5p;MPL;ENSG00000117400;0
hsa-miR-20a-5p;CDK2;ENSG00000123374;0
hsa-miR-24-3p;CISD2;ENSG00000145354;0
hsa-miR-22-3p;CCKAR;ENSG00000163394;0
hsa-miR-941;DSEL;ENSG00000171451;0
hsa-miR-22-5p;CCKAR;ENSG00000163394;0
hsa-miR-99a-5p;ATXN2L;ENSG00000168488;0
hsa-miR-10b-5p;NTRK2;ENSG00000148053;0
hsa-miR-205-5p;PCNA;ENSG00000132646;0
hsa-miR-99a-5p;SLAMF1;ENSG00000117090;0
hsa-miR-138-2-3p;BDNF;ENSG00000176697;0
hsa-miR-19b-1-5p;CLIC4;ENSG00000169504;0
hsa-miR-941;SYNRG;ENSG00000275066;0
hsa-miR-941;CERS1;ENSG00000223802;0
hsa-miR-1291;RXRA;ENSG00000186350;0
hsa-miR-200c-3p;DICER1;ENSG00000100697;0
hsa-miR-218-5p;MMP9;ENSG00000100985;0
hsa-miR-941;MRPL43;ENSG00000055950;0
hsa-miR-1291;COL4A2;ENSG00000134871;0
hsa-miR-203a-3p;RBFOX2;ENSG00000100320;0
hsa-miR-941;IRAK1;ENSG00000184216;0
hsa-miR-138-5p;C3orf52;ENSG00000114529;0
hsa-miR-145-5p;MSN;ENSG00000147065;0
hsa-miR-99a-5p;HMGN5;ENSG00000198157;0
hsa-miR-941;CEP170B;ENSG00000099814;0
hsa-miR-941;EXOSC7;ENSG00000075914;0
hsa-miR-27b-3p;CXCL2;ENSG00000081041;0
hsa-miR-1275;P2RX7;ENSG00000089041;0
hsa-miR-10b-5p;TH;ENSG00000180176;0
hsa-miR-208a-3p;CHUK;ENSG00000213341;0
hsa-miR-99a-5p;GREM2;ENSG00000180875;0
hsa-miR-138-5p;OLIG1;ENSG00000184221;0
hsa-miR-941;ZCCHC4;ENSG00000168228;0
hsa-miR-153-3p;SNAI2;ENSG00000019549;0
hsa-miR-488-3p;BDNF;ENSG00000176697;0
hsa-miR-488-5p;BDNF;ENSG00000176697;0
hsa-miR-196a-5p;CDH2;ENSG00000170558;0
hsa-miR-941;SUFU;ENSG00000107882;0
hsa-miR-941;MADD;ENSG00000110514;0
hsa-miR-675-5p;PRKCA;ENSG00000154229;0
hsa-miR-138-5p;ARL14;ENSG00000179674;0
hsa-miR-941;KIAA0355;ENSG00000166398;0
hsa-miR-145-5p;NODAL;ENSG00000156574;0
hsa-miR-200a-3p;KLF11;ENSG00000172059;0
hsa-miR-155-5p;SOX1;ENSG00000182968;0
hsa-miR-99a-5p;RPA4;ENSG00000204086;0
hsa-miR-29a-3p;GAPDH;ENSG00000111640;0
hsa-miR-941;AQP12B;ENSG00000185176;0
hsa-miR-941;ZNF784;ENSG00000179922;0
hsa-miR-10a-5p;PEBP1;ENSG00000089220;0
hsa-miR-145-5p;TWIST1;ENSG00000122691;0
hsa-miR-125a-5p;P2RX7;ENSG00000089041;0
hsa-miR-145-5p;VPS13A;ENSG00000197969;0
hsa-miR-27a-5p;APC;ENSG00000134982;0
hsa-miR-375;AHR;ENSG00000106546;0
hsa-miR-23b-3p;STAT3;ENSG00000168610;0
hsa-miR-106b-5p;BACH1;ENSG00000156273;0
hsa-miR-19b-3p;PELI1;ENSG00000197329;0
hsa-miR-29b-3p;SNAI1;ENSG00000124216;0
hsa-miR-18a-3p;CLIC4;ENSG00000169504;0
hsa-miR-217;CTNNB1;ENSG00000168036;0
hsa-miR-99a-5p;CD14;ENSG00000170458;0
hsa-miR-182-5p;CTNNB1;ENSG00000168036;0
hsa-miR-301a-3p;MMP13;ENSG00000137745;0
hsa-miR-141-3p;TCF7L1;ENSG00000152284;0
hsa-miR-29a-3p;BCL7A;ENSG00000110987;0
hsa-miR-141-3p;CCNE2;ENSG00000175305;0
hsa-miR-153-3p;ZEB1;ENSG00000148516;0
hsa-miR-941;KCNC4;ENSG00000116396;0
hsa-miR-146a-5p;ZDHHC13;ENSG00000177054;0
hsa-miR-146a-3p;ZDHHC13;ENSG00000177054;0
hsa-miR-941;SERF1A;ENSG00000172058;0
hsa-miR-93-5p;LY75;ENSG00000054219;0
hsa-miR-20a-3p;BACH1;ENSG00000156273;0
hsa-miR-20a-5p;BACH1;ENSG00000156273;0
hsa-miR-99a-5p;KIF14;ENSG00000118193;0
hsa-miR-146a-5p;NFIX;ENSG00000008441;0
hsa-miR-146a-3p;NFIX;ENSG00000008441;0
hsa-miR-27a-5p;ACTA1;ENSG00000143632;0
hsa-miR-1291;PAX8;ENSG00000125618;0
hsa-miR-494-3p;MMP9;ENSG00000100985;0
hsa-miR-133a-3p;RGS3;ENSG00000138835;0
hsa-miR-19b-3p;BACE1;ENSG00000186318;0
hsa-miR-99a-5p;PSMC3IP;ENSG00000131470;0
hsa-miR-941;CDON;ENSG00000064309;0
hsa-miR-375;ELAVL4;ENSG00000162374;0
hsa-miR-941;ZEB2;ENSG00000169554;0
hsa-miR-941;ATP6V0A2;ENSG00000185344;0
hsa-miR-941;JMJD4;ENSG00000081692;0
hsa-miR-145-5p;VIM;ENSG00000026025;0
hsa-miR-92a-3p;CCT7;ENSG00000135624;0
hsa-miR-125b-5p;KRT5;ENSG00000186081;0
hsa-miR-1291;PML;ENSG00000140464;0
hsa-miR-99a-5p;FUT3;ENSG00000171124;0
hsa-miR-182-5p;AKT1;ENSG00000142208;0
hsa-miR-23b-3p;HOXA3;ENSG00000105997;0
hsa-miR-941;MAU2;ENSG00000129933;0
hsa-miR-145-5p;ITGAV;ENSG00000138448;0
hsa-miR-125b-5p;KRT10;ENSG00000186395;0
hsa-miR-138-5p;RNASEL;ENSG00000135828;0
hsa-miR-941;VAPB;ENSG00000124164;0
hsa-miR-145-5p;PTK2;ENSG00000169398;0
hsa-miR-941;REG4;ENSG00000134193;0
hsa-miR-27a-5p;BMP3;ENSG00000152785;0
hsa-miR-941;NFYB;ENSG00000120837;0
hsa-miR-34a-5p;SDHA;ENSG00000073578;0
hsa-miR-1291;FZD3;ENSG00000104290;0
hsa-miR-1291;MAX;ENSG00000125952;0
hsa-miR-139-5p;PRKCE;ENSG00000171132;0
hsa-miR-146a-5p;IER5L;ENSG00000188483;0
hsa-miR-146a-3p;IER5L;ENSG00000188483;0
hsa-miR-145-5p;KRT19;ENSG00000171345;0
hsa-miR-145-5p;IGFBP4;ENSG00000141753;0
hsa-miR-155-3p;LY75;ENSG00000054219;0
hsa-miR-155-5p;LY75;ENSG00000054219;0
hsa-miR-200a-3p;BAP1;ENSG00000163930;0
hsa-miR-941;LIMD1;ENSG00000144791;0
hsa-miR-22-5p;CRHR2;ENSG00000106113;0
hsa-miR-22-3p;CRHR2;ENSG00000106113;0
hsa-miR-132-3p;CTNNA1;ENSG00000044115;0
hsa-miR-941;LONRF2;ENSG00000170500;0
hsa-miR-449a;PDGFRB;ENSG00000113721;0
hsa-miR-202-3p;FOXP2;ENSG00000128573;0
hsa-miR-941;STK35;ENSG00000125834;0
hsa-miR-941;TRAPPC8;ENSG00000153339;0
hsa-miR-510-5p;GAPDH;ENSG00000111640;0
hsa-miR-19a-3p;PELI1;ENSG00000197329;0
hsa-miR-148a-3p;HTR2C;ENSG00000147246;0
hsa-miR-145-5p;TGFB1;ENSG00000105329;0
hsa-miR-22-3p;RBFOX2;ENSG00000100320;0
hsa-miR-429;VAC14;ENSG00000103043;0
hsa-miR-488-5p;MAOA;ENSG00000189221;0
hsa-miR-92a-1-5p;CLIC4;ENSG00000169504;0
hsa-miR-383-5p;PARP1;ENSG00000143799;0
hsa-miR-488-3p;MAOA;ENSG00000189221;0
hsa-miR-155-5p;SMAD4;ENSG00000141646;0
hsa-miR-941;TMEM222;ENSG00000186501;0
hsa-miR-941;DHTKD1;ENSG00000181192;0
hsa-miR-10b-5p;KLF4;ENSG00000136826;0
hsa-miR-138-5p;HIST1H2AC;ENSG00000180573;0
hsa-miR-27a-5p;GRIA4;ENSG00000152578;0
hsa-miR-138-5p;ZFP64;ENSG00000020256;0
hsa-miR-19b-1-5p;BACH1;ENSG00000156273;0
hsa-miR-23b-3p;MMP2;ENSG00000087245;0
hsa-miR-488-5p;NTRK3;ENSG00000140538;0
hsa-miR-488-3p;NTRK3;ENSG00000140538;0
hsa-miR-941;SDF4;ENSG00000078808;0
hsa-miR-155-5p;PAK5;ENSG00000101349;0
hsa-miR-941;RIMS4;ENSG00000101098;0
hsa-miR-941;RIOK3;ENSG00000101782;0
hsa-miR-99a-5p;FDX1;ENSG00000137714;0
hsa-miR-99a-5p;CCDC59;ENSG00000133773;0
hsa-miR-27a-5p;ALPP;ENSG00000163283;0
hsa-miR-145-5p;JAG1;ENSG00000101384;0
hsa-miR-146a-5p;VWCE;ENSG00000167992;0
hsa-miR-218-5p;PCGF2;ENSG00000277258;0
hsa-miR-146a-3p;VWCE;ENSG00000167992;0
hsa-miR-99a-5p;SLITRK5;ENSG00000165300;0
hsa-miR-155-5p;IL16;ENSG00000172349;0
hsa-miR-520d-3p;CDH1;ENSG00000039068;0
hsa-miR-941;SLK;ENSG00000065613;0
hsa-miR-941;SLC9A5;ENSG00000135740;0
hsa-miR-20a-5p;E2F3;ENSG00000112242;0
hsa-miR-941;USP46;ENSG00000109189;0
hsa-miR-941;TTC31;ENSG00000115282;0
hsa-miR-99a-5p;CD209;ENSG00000090659;0
hsa-miR-27b-3p;ANGPT1;ENSG00000154188;0
hsa-miR-941;ZIC3;ENSG00000156925;0
hsa-miR-99a-5p;SEMA3C;ENSG00000075223;0
hsa-miR-99a-5p;TOPAZ1;ENSG00000173769;0
hsa-miR-941;PHF2;ENSG00000197724;0
hsa-miR-941;TNRC18;ENSG00000182095;0
hsa-miR-9-5p;TGFBI;ENSG00000120708;0
hsa-miR-638;TCERG1L;ENSG00000176769;0
hsa-miR-194-5p;KCNJ1;ENSG00000151704;0
hsa-miR-21-5p;PABPC1L;ENSG00000101104;0
hsa-miR-153-3p;PARK2;ENSG00000185345;0
hsa-miR-29b-3p;BIRC5;ENSG00000089685;0
hsa-miR-941;ICE2;ENSG00000128915;0
hsa-miR-26a-5p;MAPK8;ENSG00000107643;0
hsa-miR-199a-5p;ACTA2;ENSG00000107796;0
hsa-miR-941;ZNF282;ENSG00000170265;0
hsa-miR-23b-3p;MYC;ENSG00000136997;0
hsa-miR-941;PKNOX1;ENSG00000160199;0
hsa-miR-941;TMEM104;ENSG00000109066;0
hsa-miR-326;KDR;ENSG00000128052;0
hsa-miR-15a-5p;BACE1;ENSG00000186318;0
hsa-miR-1291;ARNT2;ENSG00000172379;0
hsa-miR-128-3p;SOX2;ENSG00000181449;0
hsa-miR-761;RBFOX2;ENSG00000100320;0
hsa-miR-941;SIN3A;ENSG00000169375;0
hsa-miR-941;RAB27A;ENSG00000069974;0
hsa-miR-941;TMEM231;ENSG00000205084;0
hsa-miR-99a-5p;KCTD6;ENSG00000168301;0
hsa-miR-27a-5p;BMPR1A;ENSG00000107779;0
hsa-miR-27a-5p;RUNX2;ENSG00000124813;0
hsa-miR-29b-3p;AKT1;ENSG00000142208;0
hsa-miR-1-3p;H2AFX;ENSG00000188486;0
hsa-miR-138-2-3p;NTRK3;ENSG00000140538;0
hsa-miR-145-5p;CCL20;ENSG00000115009;0
hsa-miR-145-5p;FN1;ENSG00000115414;0
hsa-miR-1291;CBL;ENSG00000110395;0
hsa-miR-488-3p;RGS2;ENSG00000116741;0
hsa-miR-488-5p;RGS2;ENSG00000116741;0
hsa-miR-424-5p;EPAS1;ENSG00000116016;0
hsa-miR-99a-5p;PTPRZ1;ENSG00000106278;0
hsa-miR-99a-5p;EIF4EBP1;ENSG00000187840;0
hsa-miR-941;COL4A5;ENSG00000188153;0
hsa-miR-99a-5p;ALX4;ENSG00000052850;0
hsa-miR-941;DGKZ;ENSG00000149091;0
hsa-miR-99a-5p;ADAM19;ENSG00000135074;0
hsa-miR-145-5p;CTNNB1;ENSG00000168036;0
hsa-miR-941;PQLC2;ENSG00000040487;0
hsa-miR-326;MMP2;ENSG00000087245;0
hsa-miR-941;CCBE1;ENSG00000183287;0
hsa-miR-941;CLASP2;ENSG00000163539;0
hsa-miR-941;QSOX2;ENSG00000165661;0
hsa-miR-145-5p;DSC2;ENSG00000134755;0
hsa-miR-1291;CSF2RA;ENSG00000198223;0
hsa-miR-941;RTN4RL1;ENSG00000185924;0
hsa-miR-941;TSR2;ENSG00000158526;0
hsa-miR-1291;SUFU;ENSG00000107882;0
hsa-miR-1246;BRWD1;ENSG00000185658;0
hsa-miR-941;SECTM1;ENSG00000141574;0
hsa-miR-200a-3p;SHC1;ENSG00000160691;0
hsa-miR-138-5p;PIGZ;ENSG00000119227;0
hsa-miR-34a-5p;CDKN1A;ENSG00000124762;0
hsa-miR-1246;BAX;ENSG00000087088;0
hsa-miR-339-5p;ADORA2A;ENSG00000128271;0
hsa-miR-339-3p;ADORA2A;ENSG00000128271;0
hsa-miR-1291;CDKN2A;ENSG00000147889;0
hsa-miR-941;RPH3A;ENSG00000089169;0
hsa-miR-99a-5p;SPRR2E;ENSG00000203785;0
hsa-miR-31-5p;EIF2AK3;ENSG00000172071;0
hsa-miR-1291;TCF7;ENSG00000081059;0
hsa-miR-145-5p;AKT1;ENSG00000142208;0
hsa-miR-138-5p;PIGF;ENSG00000151665;0
hsa-miR-155-5p;CLIP1;ENSG00000130779;0
hsa-miR-27a-5p;ACVR1C;ENSG00000123612;0
hsa-miR-155-3p;CLIP1;ENSG00000130779;0
hsa-miR-638;CDH1;ENSG00000039068;0
hsa-miR-1291;LAMB2;ENSG00000172037;0
hsa-miR-125b-5p;IVL;ENSG00000163207;0
hsa-miR-148a-3p;POMC;ENSG00000115138;0
hsa-miR-146a-3p;KIF22;ENSG00000079616;0
hsa-miR-146a-5p;KIF22;ENSG00000079616;0
hsa-miR-99a-5p;NFYB;ENSG00000120837;0
hsa-miR-141-3p;SHC1;ENSG00000160691;0
hsa-miR-941;OXR1;ENSG00000164830;0
hsa-miR-941;TBXA2R;ENSG00000006638;0
hsa-miR-99a-5p;RNFT1;ENSG00000189050;0
hsa-miR-10a-5p;RET;ENSG00000165731;0
hsa-miR-941;CCNL2;ENSG00000221978;0
hsa-miR-17-3p;CLIC4;ENSG00000169504;0
hsa-miR-29c-3p;GAPDH;ENSG00000111640;0
hsa-miR-99a-5p;CLDN3;ENSG00000165215;0
hsa-miR-10a-5p;NDRG1;ENSG00000104419;0
hsa-miR-138-5p;CHST14;ENSG00000169105;0
hsa-miR-99a-5p;SESN3;ENSG00000149212;0
hsa-miR-138-2-3p;HTR2C;ENSG00000147246;0
hsa-miR-941;ARL14;ENSG00000179674;0
hsa-miR-145-5p;RGS2;ENSG00000116741;0
hsa-miR-99a-5p;KCNE4;ENSG00000152049;0
hsa-miR-941;FAM168B;ENSG00000152102;0
hsa-miR-429;Sep-07;ENSG00000122545;0
hsa-miR-99a-5p;CASZ1;ENSG00000130940;0
hsa-miR-525-3p;PSME3;ENSG00000131467;0
hsa-miR-200b-3p;CCNE1;ENSG00000105173;0
hsa-miR-146a-5p;MVD;ENSG00000167508;0
hsa-miR-146a-3p;MVD;ENSG00000167508;0
hsa-miR-941;ZNF747;ENSG00000169955;0
hsa-let-7e-5p;EIF3J;ENSG00000104131;0
hsa-miR-429;ZEB1;ENSG00000148516;0
hsa-miR-941;CYP20A1;ENSG00000119004;0
hsa-miR-34a-5p;TJP1;ENSG00000104067;0
hsa-miR-941;RAB3IP;ENSG00000127328;0
hsa-miR-449b-5p;CDK4;ENSG00000135446;0
hsa-miR-30c-5p;PPARG;ENSG00000132170;0
hsa-miR-133a-3p;PIK3R2;ENSG00000105647;0
hsa-miR-941;TTF1;ENSG00000125482;0
hsa-miR-941;WNK1;ENSG00000060237;0
hsa-miR-20a-5p;COL4A1;ENSG00000187498;0
hsa-miR-548d-5p;BGLAP;ENSG00000242252;0
hsa-miR-153-3p;VAMP2;ENSG00000220205;0
hsa-miR-941;STK38L;ENSG00000211455;0
hsa-miR-99a-5p;PAMR1;ENSG00000149090;0
hsa-miR-1-3p;IGF1;ENSG00000017427;0
hsa-miR-216a-5p;TGFBR1;ENSG00000106799;0
hsa-miR-99a-5p;PAPPA;ENSG00000182752;0
hsa-miR-138-5p;SLC7A6OS;ENSG00000103061;0
hsa-miR-29b-3p;BCL7A;ENSG00000110987;0
hsa-miR-26a-5p;RB1;ENSG00000139687;0
hsa-miR-99a-5p;RNF8;ENSG00000112130;0
hsa-miR-941;CSAD;ENSG00000139631;0
hsa-miR-25-3p;YOD1;ENSG00000180667;0
hsa-miR-23b-3p;HES1;ENSG00000114315;0
hsa-miR-493-3p;HNF4A;ENSG00000101076;0
hsa-miR-200b-3p;SHC1;ENSG00000160691;0
hsa-miR-488-5p;HTR2C;ENSG00000147246;0
hsa-miR-488-3p;HTR2C;ENSG00000147246;0
hsa-miR-1291;CYCS;ENSG00000172115;0
hsa-miR-128-3p;KLF4;ENSG00000136826;0
hsa-miR-141-3p;BAP1;ENSG00000163930;0
hsa-miR-941;LRPAP1;ENSG00000163956;0
hsa-miR-941;RAB43;ENSG00000172780;0
hsa-miR-138-5p;CYB561D1;ENSG00000174151;0
hsa-miR-494-3p;MMP2;ENSG00000087245;0
hsa-miR-99a-5p;ZNRF2;ENSG00000180233;0
hsa-miR-504-5p;BAX;ENSG00000087088;0
hsa-miR-21-5p;DOCK3;ENSG00000088538;0
hsa-miR-494-3p;SOCS6;ENSG00000170677;0
hsa-miR-941;SDHC;ENSG00000143252;0
hsa-miR-200a-3p;ELMO2;ENSG00000062598;0
hsa-miR-638;TJP1;ENSG00000104067;0
hsa-miR-99a-5p;HIGD1A;ENSG00000181061;0
hsa-miR-92a-1-5p;BACH1;ENSG00000156273;0
hsa-miR-1291;TGFB2;ENSG00000092969;0
hsa-miR-941;XPR1;ENSG00000143324;0
hsa-miR-138-5p;PGRMC2;ENSG00000164040;0
hsa-miR-941;GIT1;ENSG00000108262;0
hsa-miR-638;WDR47;ENSG00000085433;0
hsa-miR-99a-5p;PLPPR4;ENSG00000117600;0
hsa-miR-941;RNF26;ENSG00000173456;0
hsa-miR-941;BLOC1S5;ENSG00000188428;0
hsa-miR-1291;FZD5;ENSG00000163251;0
hsa-miR-941;GPD2;ENSG00000115159;0
hsa-miR-941;TSPAN17;ENSG00000048140;0
hsa-miR-1291;TGFA;ENSG00000163235;0
hsa-miR-99a-5p;EIF5;ENSG00000100664;0
hsa-miR-29b-3p;GAPDH;ENSG00000111640;0
hsa-miR-148a-3p;GABRA6;ENSG00000145863;0
hsa-miR-27a-5p;ANTXR2;ENSG00000163297;0
hsa-miR-941;ABHD18;ENSG00000164074;0
hsa-miR-99a-5p;RPL36A;ENSG00000241343;0
hsa-miR-145-5p;CDH2;ENSG00000170558;0
hsa-miR-429;SHC1;ENSG00000160691;0
hsa-miR-223-3p;VEGFA;ENSG00000112715;0
hsa-miR-941;CACNA2D2;ENSG00000007402;0
hsa-miR-382-5p;AKT1;ENSG00000142208;0
hsa-miR-216a-5p;CTNNB1;ENSG00000168036;0
hsa-miR-99a-5p;CENPH;ENSG00000153044;0
hsa-miR-99a-5p;CCL5;ENSG00000271503;0
hsa-miR-10a-5p;PFKM;ENSG00000152556;0
hsa-miR-99a-5p;CDO1;ENSG00000129596;0
hsa-miR-302c-3p;TAB3;ENSG00000157625;0
hsa-miR-941;ZMYM2;ENSG00000121741;0
hsa-miR-99a-5p;EEA1;ENSG00000102189;0
hsa-miR-99a-5p;MRPL57;ENSG00000173141;0
hsa-miR-941;ZNF236;ENSG00000130856;0
hsa-miR-941;GATA2;ENSG00000179348;0
hsa-miR-200b-3p;PTPRD;ENSG00000153707;0
hsa-miR-16-5p;ZEB2;ENSG00000169554;0
hsa-miR-10a-5p;ENO2;ENSG00000111674;0
hsa-miR-106b-5p;PELI1;ENSG00000197329;0
hsa-miR-34a-5p;ZEB2;ENSG00000169554;0
hsa-miR-1291;DVL3;ENSG00000161202;0
hsa-miR-587;FLT1;ENSG00000102755;0
hsa-miR-148a-3p;MAOA;ENSG00000189221;0
hsa-miR-140-3p;DUSP1;ENSG00000120129;0
hsa-miR-941;RASL10B;ENSG00000270885;0
hsa-miR-199a-5p;MMP3;ENSG00000149968;0
hsa-miR-106b-5p;CLIP1;ENSG00000130779;0
hsa-miR-133a-3p;EGFL7;ENSG00000172889;0
hsa-miR-182-5p;SOX2;ENSG00000181449;0
hsa-miR-141-3p;HOXB5;ENSG00000120075;0
hsa-miR-941;LRRC75A;ENSG00000181350;0
hsa-miR-200c-3p;WDR37;ENSG00000047056;0
hsa-miR-106a-5p;GCM1;ENSG00000137270;0
hsa-miR-146a-3p;TSPAN14;ENSG00000108219;0
hsa-miR-339-5p;CCKBR;ENSG00000110148;0
hsa-miR-339-3p;CCKBR;ENSG00000110148;0
hsa-miR-99a-5p;IL6;ENSG00000136244;0
hsa-miR-99a-5p;SPRR2B;ENSG00000196805;0
hsa-miR-146a-5p;TSPAN14;ENSG00000108219;0
hsa-miR-19a-5p;BACH1;ENSG00000156273;0
hsa-miR-145-5p;ITGB1;ENSG00000150093;0
hsa-miR-106b-3p;CHEK1;ENSG00000149554;0
hsa-miR-99a-5p;NPR3;ENSG00000113389;0
hsa-miR-26b-5p;RB1;ENSG00000139687;0
hsa-miR-941;NDUFAF7;ENSG00000003509;0
hsa-miR-200b-3p;ELMO2;ENSG00000062598;0
hsa-miR-941;SPTSSA;ENSG00000165389;0
hsa-miR-135a-5p;ACTA2;ENSG00000107796;0
hsa-miR-99a-5p;MRPL22;ENSG00000082515;0
hsa-miR-145-5p;OCLN;ENSG00000197822;0
hsa-miR-382-5p;RPS6KB1;ENSG00000108443;0
hsa-miR-145-5p;WNT11;ENSG00000085741;0
hsa-miR-99a-5p;WDYHV1;ENSG00000156795;0
hsa-miR-200c-3p;SHC1;ENSG00000160691;0
hsa-miR-941;STRN4;ENSG00000090372;0
hsa-miR-145-5p;VCAN;ENSG00000038427;0
hsa-miR-941;IRS1;ENSG00000169047;0
hsa-miR-217;VIM;ENSG00000026025;0
hsa-miR-338-3p;MMP2;ENSG00000087245;0
hsa-miR-941;MRPL57;ENSG00000173141;0
hsa-miR-99a-5p;SERPINA12;ENSG00000165953;0
hsa-miR-941;SDK1;ENSG00000146555;0
hsa-miR-200a-3p;CDH1;ENSG00000039068;0
hsa-miR-138-5p;HGSNAT;ENSG00000165102;0
hsa-miR-20a-5p;BCL2;ENSG00000171791;0
hsa-miR-138-5p;SLC45A3;ENSG00000158715;0
hsa-miR-488-3p;CCKAR;ENSG00000163394;0
hsa-miR-488-5p;CCKAR;ENSG00000163394;0
hsa-miR-145-5p;TMEM132A;ENSG00000006118;0
hsa-miR-145-5p;DESI1;ENSG00000100418;0
hsa-miR-22-5p;NTRK3;ENSG00000140538;0
hsa-miR-22-3p;NTRK3;ENSG00000140538;0
hsa-miR-31-5p;RRAGA;ENSG00000155876;0
hsa-miR-941;PRKACA;ENSG00000072062;0
hsa-miR-588;P2RX7;ENSG00000089041;0
hsa-miR-377-3p;CDK4;ENSG00000135446;0
hsa-miR-93-5p;CLIP1;ENSG00000130779;0
hsa-miR-1291;CCNE1;ENSG00000105173;0
hsa-miR-941;SESN1;ENSG00000080546;0
hsa-miR-146a-5p;DAZAP2;ENSG00000183283;0
hsa-miR-146a-5p;LY75;ENSG00000054219;0
hsa-miR-520g-3p;VEGFA;ENSG00000112715;0
hsa-miR-99a-5p;TTK;ENSG00000112742;0
hsa-miR-196a-5p;CCND1;ENSG00000110092;0
hsa-miR-146a-5p;YOD1;ENSG00000180667;0
hsa-miR-153-3p;SYT1;ENSG00000067715;0
hsa-miR-27a-5p;LRP6;ENSG00000070018;0
hsa-miR-138-5p;RRAS2;ENSG00000133818;0
hsa-miR-200a-3p;PTPRD;ENSG00000153707;0
hsa-miR-27a-5p;SMAD5;ENSG00000113658;0
hsa-miR-941;HELZ;ENSG00000198265;0
hsa-miR-941;CDT1;ENSG00000167513;0
hsa-miR-10b-5p;ENO2;ENSG00000111674;0
hsa-miR-488-3p;CRHR2;ENSG00000106113;0
hsa-miR-488-5p;CRHR2;ENSG00000106113;0
hsa-miR-99a-5p;NXNL2;ENSG00000130045;0
hsa-miR-200b-3p;WDR37;ENSG00000047056;0
hsa-miR-99a-5p;C14orf169;ENSG00000170468;0
hsa-miR-941;MRPL30;ENSG00000185414;0
hsa-miR-99a-5p;SSB;ENSG00000138385;0
hsa-miR-941;THAP2;ENSG00000173451;0
hsa-miR-21-5p;LDHA;ENSG00000134333;0
hsa-miR-135a-5p;CDKN1A;ENSG00000124762;0
hsa-miR-145-5p;MMP3;ENSG00000149968;0
hsa-miR-99a-5p;ANKRD52;ENSG00000139645;0
hsa-miR-33a-5p;SREBF2;ENSG00000198911;0
hsa-miR-33a-3p;SREBF2;ENSG00000198911;0
hsa-miR-506-3p;PCSK6;ENSG00000140479;0
hsa-miR-941;HDAC9;ENSG00000048052;0
hsa-miR-941;RNF165;ENSG00000141622;0
hsa-miR-941;CMBL;ENSG00000164237;0
hsa-miR-941;NBR1;ENSG00000188554;0
hsa-let-7b-5p;AKT1;ENSG00000142208;0
hsa-miR-23b-3p;PLAU;ENSG00000122861;0
hsa-miR-941;ABCG4;ENSG00000172350;0
hsa-miR-141-3p;RIN2;ENSG00000132669;0
hsa-miR-200a-3p;HOXB5;ENSG00000120075;0
hsa-miR-941;INSIG2;ENSG00000125629;0
hsa-miR-99a-5p;SLC7A8;ENSG00000092068;0
hsa-miR-22-3p;SLC6A2;ENSG00000103546;0
hsa-miR-22-5p;SLC6A2;ENSG00000103546;0
hsa-miR-99a-5p;SGPP1;ENSG00000126821;0
hsa-miR-941;SCUBE2;ENSG00000175356;0
hsa-miR-92a-1-5p;PELI1;ENSG00000197329;0
hsa-miR-34a-5p;CEBPB;ENSG00000172216;0
hsa-miR-29b-3p;STAT5A;ENSG00000126561;0
hsa-miR-27a-5p;PDGFRA;ENSG00000134853;0
hsa-miR-941;PHLPP2;ENSG00000040199;0
hsa-miR-23b-3p;RRAS2;ENSG00000133818;0
hsa-miR-1291;RALGDS;ENSG00000160271;0
hsa-miR-145-5p;GSC;ENSG00000133937;0
hsa-miR-99a-5p;SEPP1;ENSG00000250722;0
hsa-miR-18a-5p;PELI1;ENSG00000197329;0
hsa-miR-18a-3p;PELI1;ENSG00000197329;0
hsa-miR-941;EIF5A2;ENSG00000163577;0
hsa-miR-145-5p;CALD1;ENSG00000122786;0
hsa-miR-10b-5p;RET;ENSG00000165731;0
hsa-miR-941;SPRED2;ENSG00000198369;0
hsa-miR-941;FAM229B;ENSG00000203778;0
hsa-miR-33a-5p;SREBF1;ENSG00000072310;0
hsa-miR-33a-3p;SREBF1;ENSG00000072310;0
hsa-miR-145-5p;ESR1;ENSG00000091831;0
hsa-miR-382-5p;MTOR;ENSG00000198793;0
hsa-miR-200c-3p;ELMO2;ENSG00000062598;0
hsa-miR-21-5p;ATP6V1G1;ENSG00000136888;0
hsa-miR-99a-5p;ACE2;ENSG00000130234;0
hsa-miR-222-3p;TAB3;ENSG00000157625;0
hsa-miR-138-5p;GTF2E1;ENSG00000153767;0
hsa-miR-34a-5p;CDKN2B;ENSG00000147883;0
hsa-miR-193a-3p;BCL2L1;ENSG00000171552;0
hsa-miR-941;ZNF532;ENSG00000074657;0
hsa-miR-146a-5p;BACH1;ENSG00000156273;0
hsa-miR-145-5p;MST1R;ENSG00000164078;0
hsa-miR-19b-1-5p;CLIP1;ENSG00000130779;0
hsa-miR-99a-5p;ZNF852;ENSG00000178917;0
hsa-miR-941;ZC3H12C;ENSG00000149289;0
hsa-miR-494-3p;PLAU;ENSG00000122861;0
hsa-miR-339-3p;SLC6A2;ENSG00000103546;0
hsa-miR-339-5p;SLC6A2;ENSG00000103546;0
hsa-miR-1262;TAB3;ENSG00000157625;0
hsa-miR-128-3p;GADD45A;ENSG00000116717;0
hsa-miR-320a;RBFOX2;ENSG00000100320;0
hsa-miR-155-5p;PELI1;ENSG00000197329;0
hsa-miR-155-3p;PELI1;ENSG00000197329;0
hsa-miR-941;EEA1;ENSG00000102189;0
hsa-miR-99a-5p;MAP2;ENSG00000078018;0
hsa-miR-10b-5p;GAP43;ENSG00000172020;0
hsa-miR-302b-3p;PSMD9;ENSG00000110801;0
hsa-miR-200b-3p;KLHL20;ENSG00000076321;0
hsa-miR-200a-3p;RIN2;ENSG00000132669;0
hsa-miR-145-5p;CPEB4;ENSG00000113742;0
hsa-miR-98-5p;MPL;ENSG00000117400;0
hsa-miR-138-2-3p;CRHR2;ENSG00000106113;0
hsa-miR-941;GAS7;ENSG00000007237;0
hsa-miR-99a-5p;SIGLEC6;ENSG00000105492;0
hsa-miR-138-2-3p;CCKBR;ENSG00000110148;0
hsa-miR-941;NDE1;ENSG00000072864;0
hsa-miR-941;SNX18;ENSG00000178996;0
hsa-miR-1291;RASSF1;ENSG00000068028;0
hsa-let-7b-5p;RPIA;ENSG00000153574;0
hsa-miR-26a-5p;WNT3A;ENSG00000154342;0
hsa-miR-126-3p;SERPINA1;ENSG00000197249;0
hsa-miR-126-5p;SERPINA1;ENSG00000197249;0
hsa-miR-140-3p;DCAF6;ENSG00000143164;0
hsa-miR-941;SFRP1;ENSG00000104332;0
hsa-miR-941;MEGF9;ENSG00000106780;0
hsa-miR-138-2-3p;CCKAR;ENSG00000163394;0
hsa-miR-99a-5p;DENND2C;ENSG00000175984;0
hsa-miR-99a-5p;AKR1B10;ENSG00000198074;0
hsa-miR-217;CXCL2;ENSG00000081041;0
hsa-miR-941;PCSK6;ENSG00000140479;0
hsa-miR-1291;CASP9;ENSG00000132906;0
hsa-miR-126-3p;SLC45A3;ENSG00000158715;0
hsa-miR-941;STK4;ENSG00000101109;0
hsa-miR-130a-3p;TNF;ENSG00000232810;0
hsa-miR-1246;SCN3A;ENSG00000153253;0
hsa-miR-99a-5p;ARRDC4;ENSG00000140450;0
hsa-miR-21-5p;ACTB;ENSG00000075624;0
hsa-miR-941;SSBP2;ENSG00000145687;0
hsa-miR-941;HM13;ENSG00000101294;0
hsa-miR-21-5p;TNFAIP3;ENSG00000118503;0
hsa-miR-99a-5p;ARL8B;ENSG00000134108;0
hsa-miR-1291;FGF11;ENSG00000161958;0
hsa-miR-941;YPEL1;ENSG00000100027;0
hsa-miR-146a-3p;TFF3;ENSG00000160180;0
hsa-miR-146a-5p;TFF3;ENSG00000160180;0
hsa-miR-223-3p;MMP9;ENSG00000100985;0
hsa-miR-941;RAP1GAP;ENSG00000076864;0
hsa-miR-138-5p;HNRNPA3;ENSG00000170144;0
hsa-miR-339-5p;GABRA6;ENSG00000145863;0
hsa-miR-339-3p;GABRA6;ENSG00000145863;0
hsa-miR-27a-5p;HOXA13;ENSG00000106031;0
hsa-miR-941;CIC;ENSG00000079432;0
hsa-miR-23b-3p;FBXO32;ENSG00000156804;0
hsa-miR-941;SLC25A23;ENSG00000125648;0
hsa-miR-141-3p;RASSF2;ENSG00000101265;0
hsa-miR-941;SPRYD3;ENSG00000167778;0
hsa-miR-200b-3p;RIN2;ENSG00000132669;0
hsa-miR-200c-3p;PTPRD;ENSG00000153707;0
hsa-miR-141-3p;PTPRD;ENSG00000153707;0
hsa-miR-99a-5p;GKAP1;ENSG00000165113;0
hsa-miR-155-5p;SMAD3;ENSG00000166949;0
hsa-miR-1291;TRAF3;ENSG00000131323;0
hsa-miR-1291;AXIN2;ENSG00000168646;0
hsa-miR-27a-5p;HOXB8;ENSG00000120068;0
hsa-miR-495-3p;CDK4;ENSG00000135446;0
hsa-miR-941;BTN2A1;ENSG00000112763;0
hsa-miR-941;KAZN;ENSG00000189337;0
hsa-miR-941;PLXDC1;ENSG00000161381;0
hsa-miR-200a-3p;KLHL20;ENSG00000076321;0
hsa-miR-99a-5p;ABCB6;ENSG00000115657;0
hsa-miR-19b-3p;BACH1;ENSG00000156273;0
hsa-miR-26a-5p;CDH1;ENSG00000039068;0
hsa-miR-106b-3p;PTMA;ENSG00000187514;0
hsa-miR-145-5p;GNG11;ENSG00000127920;0
hsa-miR-941;FIBCD1;ENSG00000130720;0
hsa-miR-27a-5p;SPRY2;ENSG00000136158;0
hsa-miR-148a-3p;CCKAR;ENSG00000163394;0
hsa-miR-193a-3p;BAK1;ENSG00000030110;0
hsa-miR-17-5p;BCL2L11;ENSG00000153094;0
hsa-miR-221-3p;POU3F2;ENSG00000184486;0
hsa-miR-99a-5p;POU3F1;ENSG00000185668;0
hsa-miR-10a-5p;GAP43;ENSG00000172020;0
hsa-miR-1-3p;AKT1;ENSG00000142208;0
hsa-miR-941;ACSS1;ENSG00000154930;0
hsa-miR-941;ZNRF3;ENSG00000183579;0
hsa-miR-125b-5p;FLG;ENSG00000143631;0
hsa-miR-153-3p;CDH1;ENSG00000039068;0
hsa-miR-1291;PIK3R5;ENSG00000141506;0
hsa-miR-99a-5p;ARPP19;ENSG00000128989;0
hsa-miR-941;RIPK1;ENSG00000137275;0
hsa-miR-199a-5p;TGFB1;ENSG00000105329;0
hsa-miR-199a-3p;TGFB1;ENSG00000105329;0
hsa-miR-99a-5p;FLRT2;ENSG00000185070;0
hsa-miR-1291;BCL2L1;ENSG00000171552;0
hsa-miR-218-5p;TIMP1;ENSG00000102265;0
hsa-miR-182-5p;CTTN;ENSG00000085733;0
hsa-miR-145-5p;KRT14;ENSG00000186847;0
hsa-miR-941;SCRN1;ENSG00000136193;0
hsa-miR-17-5p;MAPK3;ENSG00000102882;0
hsa-miR-1291;PRKCB;ENSG00000166501;0
hsa-miR-941;QPRT;ENSG00000103485;0
hsa-miR-941;KDELR1;ENSG00000105438;0
hsa-miR-10b-5p;CADM1;ENSG00000182985;0
hsa-miR-200c-3p;HOXB5;ENSG00000120075;0
hsa-miR-92a-3p;RPL3;ENSG00000100316;0
hsa-miR-525-5p;TAB3;ENSG00000157625;0
hsa-miR-429;KLF11;ENSG00000172059;0
hsa-miR-200a-3p;GAPDH;ENSG00000111640;0
hsa-miR-99a-5p;TRGC1;ENSG00000211689;0
hsa-miR-622;MYC;ENSG00000136997;0
hsa-miR-20a-5p;CLIP1;ENSG00000130779;0
hsa-miR-378a-3p;VEGFA;ENSG00000112715;0
hsa-miR-20a-3p;CLIP1;ENSG00000130779;0
hsa-miR-941;C15orf52;ENSG00000188549;0
hsa-miR-941;ANTXR2;ENSG00000163297;0
hsa-miR-941;ZBTB46;ENSG00000130584;0
hsa-miR-1291;FGF9;ENSG00000102678;0
hsa-miR-145-5p;ZEB1;ENSG00000148516;0
hsa-miR-941;RXRA;ENSG00000186350;0
hsa-miR-99a-5p;HSPB2;ENSG00000170276;0
hsa-miR-99a-5p;GOLGA4;ENSG00000144674;0
hsa-miR-145-5p;SPP1;ENSG00000118785;0
hsa-miR-326;VEGFA;ENSG00000112715;0
hsa-miR-99a-5p;C16orf87;ENSG00000155330;0
hsa-miR-941;LRBA;ENSG00000198589;0
hsa-miR-7-5p;PAX6;ENSG00000007372;0
hsa-miR-622;CDK6;ENSG00000105810;0
hsa-miR-429;ELMO2;ENSG00000062598;0
hsa-miR-495-3p;CCNB1;ENSG00000134057;0
hsa-miR-941;RAD52;ENSG00000002016;0
hsa-miR-495-3p;CDK2;ENSG00000123374;0
hsa-miR-217;TGFBR1;ENSG00000106799;0
hsa-miR-941;SLC12A6;ENSG00000140199;0
hsa-miR-1291;CEBPA;ENSG00000245848;0
hsa-miR-99a-5p;HSPE1;ENSG00000115541;0
hsa-miR-1291;FGFR3;ENSG00000068078;0
hsa-miR-200c-3p;RIN2;ENSG00000132669;0
hsa-miR-1246;TP53;ENSG00000141510;0
hsa-miR-520d-5p;CHUK;ENSG00000213341;0
hsa-miR-99a-5p;NKIRAS1;ENSG00000197885;0
hsa-miR-18a-5p;BACH1;ENSG00000156273;0
hsa-miR-18a-3p;BACH1;ENSG00000156273;0
hsa-miR-139-5p;BMI1;ENSG00000168283;0
hsa-miR-27a-5p;HAPLN1;ENSG00000145681;0
hsa-miR-10a-5p;NCOR2;ENSG00000196498;0
hsa-miR-27a-5p;CTNNB1;ENSG00000168036;0
hsa-miR-145-5p;TMOD3;ENSG00000138594;0
hsa-miR-140-3p;JUN;ENSG00000177606;0
hsa-miR-941;CNPPD1;ENSG00000115649;0
hsa-let-7a-5p;MPL;ENSG00000117400;0
hsa-miR-488-3p;ADORA2A;ENSG00000128271;0
hsa-miR-145-5p;GSK3B;ENSG00000082701;0
hsa-miR-93-5p;BACH1;ENSG00000156273;0
hsa-miR-488-5p;ADORA2A;ENSG00000128271;0
hsa-miR-99a-5p;FRZB;ENSG00000162998;0
hsa-miR-1291;TCF7L2;ENSG00000148737;0
hsa-miR-941;CHCHD5;ENSG00000125611;0
hsa-miR-34a-5p;CDH1;ENSG00000039068;0
hsa-miR-941;UQCRB;ENSG00000156467;0
hsa-miR-107;SAT1;ENSG00000130066;0
hsa-miR-129-2-3p;UBE2F;ENSG00000184182;0
hsa-miR-941;TACO1;ENSG00000136463;0
hsa-miR-1291;RAC2;ENSG00000128340;0
hsa-miR-99a-5p;CCL2;ENSG00000108691;0
hsa-miR-145-5p;SPARC;ENSG00000113140;0
hsa-miR-941;SBK1;ENSG00000188322;0
hsa-miR-138-2-3p;SLC6A2;ENSG00000103546;0
hsa-miR-941;RNF125;ENSG00000101695;0
hsa-miR-941;THUMPD2;ENSG00000138050;0
hsa-miR-99a-5p;SESN2;ENSG00000130766;0
hsa-miR-941;DAP;ENSG00000112977;0
hsa-miR-93-5p;PELI1;ENSG00000197329;0
hsa-miR-129-5p;UBE2F;ENSG00000184182;0
hsa-miR-148a-3p;NTRK3;ENSG00000140538;0
hsa-miR-148a-3p;ADORA2A;ENSG00000128271;0
hsa-miR-941;ZYG11B;ENSG00000162378;0
hsa-miR-941;SPATA2L;ENSG00000158792;0
hsa-miR-326;SNAI1;ENSG00000124216;0
hsa-miR-210-3p;RBX1;ENSG00000100387;0
hsa-miR-217;SNAI1;ENSG00000124216;0
hsa-miR-141-3p;VAC14;ENSG00000103043;0
hsa-miR-1-3p;ATR;ENSG00000175054;0
hsa-miR-145-5p;TCF3;ENSG00000071564;0
hsa-miR-10a-5p;NEFM;ENSG00000104722;0
hsa-miR-941;AGPAT3;ENSG00000160216;0
hsa-miR-196a-5p;CDK4;ENSG00000135446;0
hsa-miR-23b-3p;VEGFA;ENSG00000112715;0
hsa-miR-941;RP5-966M1.6;ENSG00000243696;0
hsa-miR-146a-5p;VEGFA;ENSG00000112715;0
hsa-miR-145-5p;SMAD2;ENSG00000175387;0
hsa-miR-941;CAPN5;ENSG00000149260;0
hsa-miR-941;PNRC1;ENSG00000146278;0
hsa-miR-99a-5p;PHF10;ENSG00000130024;0
hsa-miR-155-5p;IL10;ENSG00000136634;0
hsa-miR-99a-5p;SLC7A11;ENSG00000151012;0
hsa-miR-941;WDR82;ENSG00000164091;0
hsa-miR-99a-5p;SPC25;ENSG00000152253;0
hsa-miR-29b-3p;MYC;ENSG00000136997;0
hsa-miR-145-5p;PLEK2;ENSG00000100558;0
hsa-miR-145-5p;WNT5A;ENSG00000114251;0
hsa-miR-138-5p;RAB3D;ENSG00000105514;0
hsa-miR-7-5p;BAX;ENSG00000087088;0
hsa-miR-941;PPP2R2C;ENSG00000074211;0
hsa-miR-941;DMPK;ENSG00000104936;0
hsa-miR-941;B3GALT6;ENSG00000176022;0
hsa-miR-941;SHANK2;ENSG00000162105;0
hsa-miR-30c-5p;FABP4;ENSG00000170323;0
hsa-miR-10b-5p;NEFM;ENSG00000104722;0
hsa-miR-145-5p;MYRF;ENSG00000124920;0
hsa-miR-99a-5p;HYLS1;ENSG00000198331;0
hsa-miR-1291;APC2;ENSG00000115266;0
hsa-miR-23b-3p;FOSL1;ENSG00000175592;0
hsa-miR-138-5p;NARS2;ENSG00000137513;0
hsa-miR-377-3p;CDK6;ENSG00000105810;0
hsa-miR-941;ZNF320;ENSG00000182986;0
hsa-miR-34a-5p;UBC;ENSG00000150991;0
hsa-miR-941;BFAR;ENSG00000103429;0
hsa-miR-138-2-3p;ADORA2A;ENSG00000128271;0
hsa-miR-1291;PIAS3;ENSG00000131788;0
hsa-miR-27a-5p;FOSL1;ENSG00000175592;0
hsa-miR-99a-5p;GPAM;ENSG00000119927;0
hsa-miR-941;MICB;ENSG00000204516;0
hsa-miR-494-3p;MAPK1;ENSG00000100030;0
hsa-miR-222-3p;ZEB2;ENSG00000169554;0
hsa-miR-181d-5p;EPHB2;ENSG00000133216;0
hsa-miR-429;WDR37;ENSG00000047056;0
hsa-miR-145-5p;SNAI3;ENSG00000185669;0
hsa-miR-941;EME2;ENSG00000197774;0
hsa-miR-222-3p;MYC;ENSG00000136997;0
hsa-miR-1291;IGF1R;ENSG00000140443;0
hsa-miR-29b-3p;TCF7L2;ENSG00000148737;0
hsa-miR-138-5p;C1D;ENSG00000197223;0
hsa-miR-141-3p;KLF11;ENSG00000172059;0
hsa-miR-217;HDAC3;ENSG00000171720;0
hsa-miR-941;SLC25A34;ENSG00000162461;0
hsa-miR-339-3p;BDNF;ENSG00000176697;0
hsa-miR-339-5p;BDNF;ENSG00000176697;0
hsa-miR-92a-3p;CAPRIN1;ENSG00000135387;0
hsa-miR-199a-5p;TGFBR1;ENSG00000106799;0
hsa-miR-941;DNPEP;ENSG00000123992;0
hsa-miR-148a-3p;SLC6A2;ENSG00000103546;0
hsa-miR-1291;PTEN;ENSG00000171862;0
hsa-miR-941;NDUFS1;ENSG00000023228;0
hsa-miR-941;SLC35A5;ENSG00000138459;0
hsa-miR-941;GEMIN8;ENSG00000046647;0
hsa-miR-99a-5p;EDN1;ENSG00000078401;0
hsa-miR-941;PPP3CB;ENSG00000107758;0
hsa-miR-99a-5p;FOLH1;ENSG00000086205;0
hsa-miR-941;FAM219A;ENSG00000164970;0
hsa-miR-488-3p;CCKBR;ENSG00000110148;0
hsa-miR-488-5p;CCKBR;ENSG00000110148;0
hsa-miR-138-2-3p;MAOA;ENSG00000189221;0
hsa-miR-339-5p;POMC;ENSG00000115138;0
hsa-miR-339-3p;POMC;ENSG00000115138;0
hsa-miR-106b-3p;MCM7;ENSG00000166508;0
hsa-miR-9-5p;PCSK6;ENSG00000140479;0
hsa-miR-99a-5p;CIB2;ENSG00000136425;0
hsa-miR-941;DLX2;ENSG00000115844;0
hsa-miR-124-3p;NFKB1;ENSG00000109320;0